drop table if exists films;
create table films( 
         title varchar(255) -- название (текст) 
        ,id serial -- соответствует film_id в табличке persons2content
        ,country varchar(1000) --страна 
        ,box_office serial --сборы в долларах 
        ,release_year timestamp --год выпуска 
    );

drop table if exists persons;
create table persons( 
        id serial -- соответствует person_id в табличке persons2content 
        ,fio varchar(255)  --фамилия, имя 
        );

drop table if exists persons2content;
create table persons2content( 
        person_id serial -- id персоны 
        ,film_id serial -- id контента 
        ,person_type varchar(255) -- тип персоны (актёр, режиссёр и т.д.) 
     );

insert into films VALUES ('Большой куш',526,'Великобритания,США',83557872,'2000-01-01');
insert into persons VALUES (1,'Бенисио Дель Торо');
insert into persons2content VALUES (1,526,'актер');
insert into persons VALUES (2,'Деннис Фарина');
insert into persons2content VALUES (2,526,'актер');
insert into persons VALUES (3,'Винни Джонс');
insert into persons2content VALUES (3,526,'актер');
insert into persons VALUES (4,'Брэд Питт');
insert into persons2content VALUES (4,526,'актер');
insert into persons VALUES (5,'Раде Шербеджия');
insert into persons2content VALUES (5,526,'актер');
insert into persons VALUES (6,'Джейсон Стэйтем');
insert into persons2content VALUES (6,526,'актер');
insert into persons VALUES (7,'Алан Форд');
insert into persons2content VALUES (7,526,'актер');
insert into persons VALUES (8,'Майк Рейд');
insert into persons2content VALUES (8,526,'актер');
insert into persons VALUES (9,'Робби Ги');
insert into persons2content VALUES (9,526,'актер');
insert into persons VALUES (10,'Ленни Джеймс');
insert into persons2content VALUES (10,526,'актер');
insert into persons VALUES (11,'Джон Мерфи');
insert into persons2content VALUES (11,526,'композитор');
insert into persons VALUES (12,'Гай Ричи');
insert into persons2content VALUES (12,526,'режиссер');
insert into persons VALUES (13,'Джон Харрис');
insert into persons2content VALUES (13,526,'редактор');
insert into films VALUES ('Граф Монте-Кристо',643,'Великобритания,США,Ирландия',75395048,'2002-01-01');
insert into persons VALUES (14,'Джеймс Кэвизел');
insert into persons2content VALUES (14,643,'актер');
insert into persons VALUES (15,'Гай Пирс');
insert into persons2content VALUES (15,643,'актер');
insert into persons VALUES (16,'Ричард Харрис');
insert into persons2content VALUES (16,643,'актер');
insert into persons VALUES (17,'Джеймс Фрейн');
insert into persons2content VALUES (17,643,'актер');
insert into persons VALUES (18,'Дагмара Доминчик');
insert into persons2content VALUES (18,643,'актер');
insert into persons VALUES (19,'Майкл Уинкотт');
insert into persons2content VALUES (19,643,'актер');
insert into persons VALUES (20,'Луис Гусман');
insert into persons2content VALUES (20,643,'актер');
insert into persons VALUES (21,'Кристофер Адамсон');
insert into persons2content VALUES (21,643,'актер');
insert into persons VALUES (22,'Джейби Бланк');
insert into persons2content VALUES (22,643,'актер');
insert into persons VALUES (23,'Гай Карлтон');
insert into persons2content VALUES (23,643,'актер');
insert into persons VALUES (24,'Эд Ширмёр');
insert into persons2content VALUES (24,643,'композитор');
insert into persons VALUES (25,'Кевин Рейнольдс');
insert into persons2content VALUES (25,643,'режиссер');
insert into persons VALUES (26,'Стефен Семел');
insert into persons2content VALUES (26,643,'редактор');
insert into persons VALUES (27,'Кристофер Вомак');
insert into persons2content VALUES (27,643,'редактор');
insert into films VALUES ('Перевозчик',6206,'Франция,США',43928932,'2002-01-01');
insert into persons VALUES (28,'Джейсон Стэйтем');
insert into persons2content VALUES (28,6206,'актер');
insert into persons VALUES (29,'Шу Ци');
insert into persons2content VALUES (29,6206,'актер');
insert into persons VALUES (30,'Мэтт Шульце');
insert into persons2content VALUES (30,6206,'актер');
insert into persons VALUES (31,'Франсуа Берлеан');
insert into persons2content VALUES (31,6206,'актер');
insert into persons VALUES (32,'Рик Янг');
insert into persons2content VALUES (32,6206,'актер');
insert into persons VALUES (33,'Даг Рэнд');
insert into persons2content VALUES (33,6206,'актер');
insert into persons VALUES (34,'Дидье Сен Мелен');
insert into persons2content VALUES (34,6206,'актер');
insert into persons VALUES (35,'Тони Десканвелль');
insert into persons2content VALUES (35,6206,'актер');
insert into persons VALUES (36,'Лорен Деспонд');
insert into persons2content VALUES (36,6206,'актер');
insert into persons VALUES (37,'Маттье Альбертини');
insert into persons2content VALUES (37,6206,'актер');
insert into persons VALUES (38,'Стэнли Кларк');
insert into persons2content VALUES (38,6206,'композитор');
insert into persons VALUES (39,'Луи Летерье');
insert into persons2content VALUES (39,6206,'режиссер');
insert into persons VALUES (40,'Кори Юэнь');
insert into persons2content VALUES (40,6206,'режиссер');
insert into persons VALUES (41,'Николас Трембасьевич');
insert into persons2content VALUES (41,6206,'редактор');
insert into films VALUES ('Угнать за 60 секунд',2011,'США',237202299,'2000-01-01');
insert into persons VALUES (42,'Николас Кейдж');
insert into persons2content VALUES (42,2011,'актер');
insert into persons VALUES (43,'Анджелина Джоли');
insert into persons2content VALUES (43,2011,'актер');
insert into persons VALUES (44,'Джованни Рибизи');
insert into persons2content VALUES (44,2011,'актер');
insert into persons VALUES (45,'Роберт Дювалл');
insert into persons2content VALUES (45,2011,'актер');
insert into persons VALUES (46,'Уилл Пэттон');
insert into persons2content VALUES (46,2011,'актер');
insert into persons VALUES (47,'Делрой Линдо');
insert into persons2content VALUES (47,2011,'актер');
insert into persons VALUES (48,'Тимоти Олифант');
insert into persons2content VALUES (48,2011,'актер');
insert into persons VALUES (49,'Скотт Каан');
insert into persons2content VALUES (49,2011,'актер');
insert into persons VALUES (50,'Кристофер Экклстон');
insert into persons2content VALUES (50,2011,'актер');
insert into persons VALUES (51,'Винни Джонс');
insert into persons2content VALUES (51,2011,'актер');
insert into persons VALUES (52,'Тревор Рэбин');
insert into persons2content VALUES (52,2011,'композитор');
insert into persons VALUES (53,'Доминик Сена');
insert into persons2content VALUES (53,2011,'режиссер');
insert into persons VALUES (54,'Роджер Бартон');
insert into persons2content VALUES (54,2011,'редактор');
insert into persons VALUES (55,'Крис Лебензон');
insert into persons2content VALUES (55,2011,'редактор');
insert into persons VALUES (56,'Том Малдун');
insert into persons2content VALUES (56,2011,'редактор');
insert into films VALUES ('Я – легенда',195524,'США',585349010,'2007-01-01');
insert into persons VALUES (57,'Уилл Смит');
insert into persons2content VALUES (57,195524,'актер');
insert into persons VALUES (58,'Алиси Брага');
insert into persons2content VALUES (58,195524,'актер');
insert into persons VALUES (59,'Чарли Тахэн');
insert into persons2content VALUES (59,195524,'актер');
insert into persons VALUES (60,'Салли Ричардсон-Уитфилд');
insert into persons2content VALUES (60,195524,'актер');
insert into persons VALUES (61,'Уиллоу Смит');
insert into persons2content VALUES (61,195524,'актер');
insert into persons VALUES (62,'Даррел Фостер');
insert into persons2content VALUES (62,195524,'актер');
insert into persons VALUES (63,'Эйприл Грэйс');
insert into persons2content VALUES (63,195524,'актер');
insert into persons VALUES (64,'Дэш Майок');
insert into persons2content VALUES (64,195524,'актер');
insert into persons VALUES (65,'Джоанна Нумата');
insert into persons2content VALUES (65,195524,'актер');
insert into persons VALUES (66,'Abbey');
insert into persons2content VALUES (66,195524,'актер');
insert into persons VALUES (67,'Джеймс Ньютон Ховард');
insert into persons2content VALUES (67,195524,'композитор');
insert into persons VALUES (68,'Френсис Лоуренс');
insert into persons2content VALUES (68,195524,'режиссер');
insert into persons VALUES (69,'Уэйн Варман');
insert into persons2content VALUES (69,195524,'редактор');
insert into films VALUES ('Хатико: Самый верный друг',387556,'Великобритания,США',46184345,'2008-01-01');
insert into persons VALUES (70,'Ричард Гир');
insert into persons2content VALUES (70,387556,'актер');
insert into persons VALUES (71,'Джоан Аллен');
insert into persons2content VALUES (71,387556,'актер');
insert into persons VALUES (72,'Кэри-Хироюки Тагава');
insert into persons2content VALUES (72,387556,'актер');
insert into persons VALUES (73,'Сара Ремер');
insert into persons2content VALUES (73,387556,'актер');
insert into persons VALUES (74,'Джейсон Александер');
insert into persons2content VALUES (74,387556,'актер');
insert into persons VALUES (75,'Эрик Авари');
insert into persons2content VALUES (75,387556,'актер');
insert into persons VALUES (76,'Давиния МакФэдден');
insert into persons2content VALUES (76,387556,'актер');
insert into persons VALUES (77,'Робби Саблетт');
insert into persons2content VALUES (77,387556,'актер');
insert into persons VALUES (78,'Кевин ДеКосте');
insert into persons2content VALUES (78,387556,'актер');
insert into persons VALUES (79,'Роб Деньян');
insert into persons2content VALUES (79,387556,'актер');
insert into persons VALUES (80,'Ян А.П. Качмарек');
insert into persons2content VALUES (80,387556,'композитор');
insert into persons VALUES (81,'Лассе Халльстрём');
insert into persons2content VALUES (81,387556,'режиссер');
insert into persons VALUES (82,'Кристина Боден');
insert into persons2content VALUES (82,387556,'редактор');
